;SVC signal;return;;return of buy only (SVC);return of buy and hold;;return of buy/sell;;;;AdaBoost signal;;return of buy only (adaboost);;return of buy/sell;;;%;
12/10/2019;1;0,004329266;0,004329266;1,004329266;1,004329266;0,004329266;1,004329266;;0,001088294;;1;0,004329266;1,004329266;0,004329266;1,004329266;;20191014;0,007;0,00007
13/10/2019;1;-0,003022239;-0,003022239;1,001293943;1,001293943;-0,003022239;1,001293943;;;;0;0;1,004329266;0,003022239;1,00736459;;20191015;0,007;0,00007
14/10/2019;0;0,009009662;0;1,001293943;1,010315262;-0,009009662;0,992272623;;;;0;0;1,004329266;-0,009009662;0,998288575;;20191016;0,007;0,00007
15/10/2019;1;-0,022753932;-0,022753932;0,978510568;0,987326618;-0,022753932;0,969694519;;;;1;-0,022753932;0,981476826;-0,022753932;0,975573585;;20191017;0,007;0,00007
16/10/2019;1;-0,020148203;-0,020148203;0,958795339;0,967433761;-0,020148203;0,950156917;;;;1;-0,020148203;0,961701832;-0,020148203;0,955917531;;20191018;0,007;0,00007
17/10/2019;1;0,00962488;0,00962488;0,968023629;0,976745195;0,00962488;0,959302063;;;;1;0,00962488;0,970958097;0,00962488;0,965118122;;20191021;0,007;0,00007
18/10/2019;1;-0,014943482;-0,014943482;0,953557985;0,96214922;-0,014943482;0,94496675;;;;1;-0,014943482;0,956448602;-0,014943482;0,950695896;;20191022;0,007;0,00007
19/10/2019;1;0,000326785;0,000326785;0,953869594;0,962463636;0,000326785;0,945275551;;;;1;0,000326785;0,956761155;0,000326785;0,95100657;;20191023;0,007;0,00007
20/10/2019;1;0,035201005;0,035201005;0,987446762;0,996343323;0,035201005;0,978550201;;;;1;0,035201005;0,990440109;0,035201005;0,984482957;;20191024;0,007;0,00007
21/10/2019;1;-0,002706278;-0,002706278;0,984774457;0,993646942;-0,002706278;0,975901972;;;;0;0;0,990440109;0,002706278;0,987147241;;20191025;0,007;0,00007
22/10/2019;1;-0,023105124;-0,023105124;0,962021121;0,970688606;-0,023105124;0,953353636;;;;1;-0,023105124;0,967555868;-0,023105124;0,964339082;;20191028;0,007;0,00007
23/10/2019;1;-0,068024836;-0,068024836;0,896579792;0,904657672;-0,068024836;0,888501911;;;;1;-0,068024836;0,901738038;-0,068024836;0,898740074;;20191029;0,007;0,00007
24/10/2019;1;-0,006074472;-0,006074472;0,891133542;0,899162354;-0,006074472;0,883104731;;;;1;-0,006074472;0,896260455;-0,006074472;0,893280702;;20191030;0,007;0,00007
25/10/2019;1;0,166810298;0,166810298;1,039783795;1,049151895;0,166810298;1,030415694;;;;1;0,166810298;1,045765929;0,166810298;1,042289122;;20191031;0,007;0,00007
26/10/2019;1;0,067917042;0,067917042;1,110402834;1,120407188;0,067917042;1,10039848;;;;1;0,067917042;1,116791257;0,067917042;1,113078316;;20191101;0,006;0,00006
27/10/2019;1;0,030383191;0,030383191;1,144140415;1,154448733;0,030383191;1,133832097;;;;1;0,030383191;1,150722939;0,030383191;1,146897187;;20191104;0,006;0,00006
28/10/2019;1;-0,035105347;-0,035105347;1,103974968;1,113921409;-0,035105347;1,094028527;;;;0;0;1,150722939;0,035105347;1,187159411;;20191105;0,006;0,00006
29/10/2019;1;0,023716787;0,023716787;1,130157708;1,140340047;0,023716787;1,119975369;;;;1;0,023716787;1,178014391;0,023716787;1,215315018;;20191106;0,006;0,00006
30/10/2019;1;-0,028499963;-0,028499963;1,097948255;1,107840398;-0,028499963;1,088056113;;;;1;-0,028499963;1,144441024;-0,028499963;1,180678585;;20191107;0,006;0,00006
31/10/2019;1;-0,00187693;-0,00187693;1,095887483;1,105761059;-0,00187693;1,086013907;;;;1;-0,00187693;1,142292988;-0,00187693;1,178462534;;20191108;0,006;0,00006
01/11/2019;1;0,011691561;0,011691561;1,108700119;1,118689132;0,011691561;1,098711105;;;;0;0;1,142292988;-0,011691561;1,164684467;;20191111;0,006;0,00006
02/11/2019;1;0,004903761;0,004903761;1,114136919;1,124174916;0,004903761;1,104098922;;;;1;0,004903761;1,14789452;0,004903761;1,170395802;;20191112;0,006;0,00006
03/11/2019;0;-0,010135861;0;1,114136919;1,112780435;0,010135861;1,115289916;;;;0;0;1,14789452;0,010135861;1,182258771;;20191113;0,006;0,00006
04/11/2019;0;0,022302088;0;1,114136919;1,137597762;-0,022302088;1,090416622;;;;0;0;1,14789452;-0,022302088;1,155891932;;20191114;0,006;0,00006
05/11/2019;1;-0,010599881;-0,010599881;1,1023272;1,125539361;-0,010599881;1,078858335;;;;1;-0,010599881;1,135726975;-0,010599881;1,143639615;;20191115;0,006;0,00006
06/11/2019;1;0,00272737;0,00272737;1,105333655;1,128609124;0,00272737;1,081800782;;;;1;0,00272737;1,138824523;0,00272737;1,146758744;;20191118;0,006;0,00006
07/11/2019;1;-0,014411752;-0,014411752;1,08940386;1,112343889;-0,014411752;1,066210137;;;;1;-0,014411752;1,122412066;-0,014411752;1,130231941;;20191119;0,006;0,00006
08/11/2019;1;-0,047691472;-0,047691472;1,037448586;1,059294571;-0,047691472;1,015361006;;;;1;-0,047691472;1,068882583;-0,047691472;1,076329516;;20191120;0,006;0,00006
09/11/2019;1;0,005259015;0,005259015;1,042904544;1,064865417;0,005259015;1,020700805;;;;1;0,005259015;1,074503852;0,005259015;1,081989949;;20191121;0,006;0,00006
10/11/2019;1;0,025760034;0,025760034;1,069769801;1,092296387;0,025760034;1,046994093;;;;1;0,025760034;1,102183108;0,025760034;1,109862048;;20191122;0,006;0,00006
11/11/2019;1;-0,03562341;-0,03562341;1,031660953;1,053385066;-0,03562341;1,009696593;;;;0;0;1,102183108;0,03562341;1,149399118;;20191125;0,006;0,00006
12/11/2019;1;0,01099002;0,01099002;1,042998927;1,064961788;0,01099002;1,020793179;;;;1;0,01099002;1,114296122;0,01099002;1,162031037;;20191126;0,006;0,00006
13/11/2019;1;-0,005752996;-0,005752996;1,036998559;1,058835067;-0,005752996;1,01492056;;;;0;0;1,114296122;0,005752996;1,168716196;;20191127;0,006;0,00006
14/11/2019;1;-0,015038967;-0,015038967;1,021403172;1,042911282;-0,015038967;0,999657203;;;;1;-0,015038967;1,09753826;-0,015038967;1,151139912;;20191129;0,006;0,00006
15/11/2019;1;-0,020389249;-0,020389249;1,000577528;1,021647104;-0,020389249;0,979274943;;;;1;-0,020389249;1,075160279;-0,020389249;1,127669034;;20191202;0,007;0,00007
16/11/2019;1;0,00345321;0,00345321;1,004032733;1,025175066;0,00345321;0,982656586;;;;1;0,00345321;1,078873033;0,00345321;1,131563112;;20191203;0,007;0,00007
17/11/2019;1;0,001908802;0,001908802;1,005949232;1,027131922;0,001908802;0,984532282;;;;1;0,001908802;1,080932388;0,001908802;1,133723041;;20191204;0,007;0,00007
18/11/2019;1;-0,039173488;-0,039173488;0,966542692;0,986895582;-0,039173488;0,945964719;;;;0;0;1,080932388;0,039173488;1,178134927;;20191205;0,007;0,00007
19/11/2019;1;-0,005716874;-0,005716874;0,96101709;0,981253625;-0,005716874;0,940556758;;;;1;-0,005716874;1,074752834;-0,005716874;1,171399678;;20191206;0,007;0,00007
20/11/2019;1;-0,005144679;-0,005144679;0,956072965;0,97620539;-0,005144679;0,935717896;;;;1;-0,005144679;1,069223576;-0,005144679;1,165373203;;20191209;0,007;0,00007
21/11/2019;1;-0,057403719;-0,057403719;0,901190822;0,92016757;-0,057403719;0,882004209;;;;1;-0,057403719;1,007846166;-0,057403719;1,098476447;;20191210;0,007;0,00007
22/11/2019;1;-0,043876573;-0,043876573;0,861649657;0,879793771;-0,043876573;0,843304886;;;;1;-0,043876573;0,96362533;-0,043876573;1,050279065;;20191211;0,007;0,00007
23/11/2019;1;0,005202685;0,005202685;0,866132548;0,88437106;0,005202685;0,847692336;;;;1;0,005202685;0,968638769;0,005202685;1,055743336;;20191212;0,007;0,00007
24/11/2019;1;-0,057166268;-0,057166268;0,816618983;0,833814867;-0,057166268;0,799232928;;;;1;-0,057166268;0,913265305;-0,057166268;0,995390429;;20191213;0,007;0,00007
25/11/2019;1;0,032430945;0,032430945;0,843102708;0,860856271;0,032430945;0,825152807;;;;0;0;0,913265305;-0,032430945;0,963108977;;20191216;0,007;0,00007
26/11/2019;1;0,005023997;0,005023997;0,847338454;0,865181211;0,005023997;0,829298373;;;;1;0,005023997;0,917853548;0,005023997;0,967947634;;20191217;0,007;0,00007
27/11/2019;1;0,050868521;0,050868521;0,890441308;0,909191699;0,050868521;0,871483555;;;;1;0,050868521;0,9645434;0,050868521;1,017185699;;20191218;0,007;0,00007
28/11/2019;1;-0,012746219;-0,012746219;0,879091548;0,897602943;-0,012746219;0,860375435;;;;1;-0,012746219;0,952249119;-0,012746219;1,004220427;;20191219;0,007;0,00007
29/11/2019;1;0,044279002;0,044279002;0,918016844;0,937347906;0,044279002;0,898472;;;;1;0,044279002;0,99441376;0,044279002;1,048686306;;20191220;0,007;0,00007
30/11/2019;1;-0,025487972;-0,025487972;0,894618457;0,913456809;-0,025487972;0,875571772;;;;1;-0,025487972;0,96906817;-0,025487972;1,021957419;;20191223;0,007;0,00007
01/12/2019;1;-0,021233248;-0,021233248;0,875622801;0,894061154;-0,021233248;0,856980539;;;;1;-0,021233248;0,948491705;-0,021233248;1,000257944;;20191224;0,007;0,00007
02/12/2019;1;-0,012502872;-0,012502872;0,864675001;0,882882821;-0,012502872;0,846265821;;;;1;-0,012502872;0,936632835;-0,012502872;0,987751846;;20191226;0,007;0,00007
03/12/2019;1;-0,001355422;-0,001355422;0,863503002;0,881686143;-0,001355422;0,845118774;;;;1;-0,001355422;0,935363302;-0,001355422;0,986413026;;20191227;0,007;0,00007
04/12/2019;1;-0,01493253;-0,01493253;0,850608718;0,868520338;-0,01493253;0,832499013;;;;1;-0,01493253;0,921395962;-0,01493253;0,971683384;;20191230;0,007;0,00007
05/12/2019;1;0,027486729;0,027486729;0,873989169;0,892393122;0,027486729;0,855381687;;;;1;0,027486729;0,946722123;0,027486729;0,998391782;;20191231;0,007;0,00007
06/12/2019;0;0,020378634;0;0,873989169;0,910578875;-0,020378634;0,837950177;;;;1;0,020378634;0,966015027;0,020378634;1,018737643;;20200102;0,006;0,00006
07/12/2019;0;-0,004916317;0;0,873989169;0,906102181;0,004916317;0,842069805;;;;1;-0,004916317;0,961265791;-0,004916317;1,013729206;;20200103;0,006;0,00006
08/12/2019;0;0,001838235;0;0,873989169;0,90776781;-0,001838235;0,840521883;;;;0;0;0,961265791;-0,001838235;1,011865733;;20200106;0,006;0,00006
09/12/2019;1;-0,024498916;-0,024498916;0,852577382;0,885528482;-0,024498916;0,819930008;;;;0;0;0,961265791;0,024498916;1,036655347;;20200107;0,006;0,00006
10/12/2019;1;-0,015706592;-0,015706592;0,839186297;0,871619848;-0,015706592;0,807051702;;;;1;-0,015706592;0,946167581;-0,015706592;1,020373024;;20200108;0,006;0,00006
11/12/2019;1;-0,002313436;-0,002313436;0,837244893;0,869603411;-0,002313436;0,805184639;;;;1;-0,002313436;0,943978683;-0,002313436;1,018012457;;20200109;0,006;0,00006
12/12/2019;1;-0,001638457;-0,001638457;0,835873104;0,868178603;-0,001638457;0,803865379;;;;1;-0,001638457;0,942432015;-0,001638457;1,016344488;;20200110;0,006;0,00006
13/12/2019;1;0,008581124;0,008581124;0,843045835;0,875628552;0,008581124;0,810763448;;;;1;0,008581124;0,950519142;0,008581124;1,025065866;;20200113;0,006;0,00006
14/12/2019;1;-0,025427819;-0,025427819;0,821609018;0,853363228;-0,025427819;0,790147502;;;;1;-0,025427819;0,926349513;-0,025427819;0,999000677;;20200114;0,006;0,00006
15/12/2019;1;0,006536965;0,006536965;0,826979847;0,858941633;0,006536965;0,795312668;;;;1;0,006536965;0,932405027;0,006536965;1,005531109;;20200115;0,006;0,00006
16/12/2019;1;-0,033193679;-0,033193679;0,799529344;0,8304302;-0,033193679;0,768913315;;;;0;0;0,932405027;0,033193679;1,038908386;;20200116;0,006;0,00006
17/12/2019;1;-0,038721028;-0,038721028;0,768570745;0,798275089;-0,038721028;0,739140201;;;;1;-0,038721028;0,896301346;-0,038721028;0,998680785;;20200117;0,006;0,00006
18/12/2019;1;0,102073221;0,102073221;0,847021237;0,879757598;0,102073221;0,814586621;;;;1;0,102073221;0,987789711;0,102073221;1,100619349;;20200121;0,006;0,00006
19/12/2019;1;-0,019689034;-0,019689034;0,830344207;0,862436021;-0,019689034;0,798548198;;;;1;-0,019689034;0,968341086;-0,019689034;1,078949217;;20200122;0,006;0,00006
20/12/2019;1;0,005733865;0,005733865;0,835105288;0,867381113;0,005733865;0,803126965;;;;1;0,005733865;0,973893423;0,005733865;1,085135766;;20200123;0,006;0,00006
21/12/2019;0;-0,006688359;0;0,835105288;0,861579757;0,006688359;0,808498566;;;;1;-0,006688359;0,967379674;-0,006688359;1,077877989;;20200124;0,006;0,00006
22/12/2019;0;0,051305383;0;0,835105288;0,905783436;-0,051305383;0,767018238;;;;1;0,051305383;1,017011458;0,051305383;1,133178932;;20200127;0,006;0,00006
23/12/2019;0;-0,024779963;0;0,835105288;0,883338156;0,024779963;0,786024922;;;;0;0;1,017011458;0,024779963;1,161259064;;20200128;0,006;0,00006
24/12/2019;1;-0,008461833;-0,008461833;0,828038767;0,875863496;-0,008461833;0,77937371;;;;1;-0,008461833;1,008405677;-0,008461833;1,151432684;;20200129;0,006;0,00006
25/12/2019;0;-0,008382854;0;0,828038767;0,86852126;0,008382854;0,785907086;;;;1;-0,008382854;0,99995236;-0,008382854;1,141780392;;20200130;0,006;0,00006
26/12/2019;0;0,00034756;0;0,828038767;0,868823124;-0,00034756;0,785633936;;;;0;0;0,99995236;-0,00034756;1,141383554;;20200131;0,006;0,00006
27/12/2019;0;0,006947918;0;0,828038767;0,874859636;-0,006947918;0,780175415;;;;1;0,006947918;1,006899947;0,006947918;1,149313794;;20200203;0,006;0,00006
28/12/2019;0;0,007382773;0;0,828038767;0,881318525;-0,007382773;0,774415558;;;;1;0,007382773;1,014333661;0,007382773;1,157798917;;20200204;0,006;0,00006
29/12/2019;0;0,012382544;0;0,828038767;0,892231491;-0,012382544;0,764826323;;;;1;0,012382544;1,026893692;0,012382544;1,172135412;;20200205;0,006;0,00006
30/12/2019;0;-0,023525747;0;0,828038767;0,871241079;0,023525747;0,782819434;;;;0;0;1,026893692;0,023525747;1,199710774;;20200206;0,006;0,00006
31/12/2019;1;-0,006665373;-0,006665373;0,822519579;0,865433932;-0,006665373;0,77760165;;;;1;-0,006665373;1,020049062;-0,006665373;1,191714253;;20200207;0,006;0,00006
01/01/2020;1;0,000850969;0,000850969;0,823219518;0,866170389;0,000850969;0,778263365;;;;1;0,000850969;1,020917092;0,000850969;1,192728365;;20200210;0,006;0,00006
02/01/2020;1;-0,032351137;-0,032351137;0,79658743;0,838148792;-0,032351137;0,75308566;;;;0;0;1,020917092;0,032351137;1,231314484;;20200211;0,006;0,00006
03/01/2020;1;0,056370078;0,056370078;0,841491126;0,885395304;0,056370078;0,795537157;;;;1;0,056370078;1,078466268;0,056370078;1,300723778;;20200212;0,006;0,00006
04/01/2020;1;0,002318224;0,002318224;0,843441891;0,887447849;0,002318224;0,79738139;;;;1;0,002318224;1,080966394;0,002318224;1,303739147;;20200213;0,006;0,00006
05/01/2020;0;-0,000448967;0;0,843441891;0,887049414;0,000448967;0,797739389;;;;0;0;1,080966394;0,000448967;1,304324483;;20200214;0,006;0,00006
06/01/2020;1;0,055817182;0,055817182;0,89052044;0,936562013;0,055817182;0,842266953;;;;0;0;1,080966394;-0,055817182;1,231520766;;20200218;0,006;0,00006
07/01/2020;1;0,051546392;0,051546392;0,936423556;0,984838405;0,051546392;0,885682776;;;;1;0,051546392;1,136686312;0,051546392;1,295001218;;20200219;0,006;0,00006
08/01/2020;1;-0,014337708;-0,014337708;0,922997388;0,970718079;-0,014337708;0,872984114;;;;1;-0,014337708;1,120388835;-0,014337708;1,276433868;;20200220;0,006;0,00006
09/01/2020;1;-0,028010891;-0,028010891;0,897143409;0,943527401;-0,028010891;0,848531051;;;;1;-0,028010891;1,089005746;-0,028010891;1,240679818;;20200221;0,006;0,00006
10/01/2020;1;0,047812128;0,047812128;0,940037744;0,988639454;0,047812128;0,889101127;;;;1;0,047812128;1,141073428;0,047812128;1,299999361;;20200224;0,006;0,00006
11/01/2020;1;-0,020227298;-0,020227298;0,921023321;0,968641949;-0,020227298;0,871117014;;;;1;-0,020227298;1,117992596;-0,020227298;1,273703887;;20200225;0,006;0,00006
12/01/2020;0;0,019194097;0;0,921023321;0,987234157;-0,019194097;0,854396709;;;;1;0,019194097;1,139451455;0,019194097;1,298151483;;20200226;0,006;0,00006
13/01/2020;0;-0,008963839;0;0,921023321;0,978384749;0,008963839;0,862055384;;;;0;0;1,139451455;0,008963839;1,309787904;;20200227;0,006;0,00006
14/01/2020;1;0,087782727;0,087782727;1,00187326;1,064270031;0,087782727;0,937728956;;;;1;0,087782727;1,239475611;0,087782727;1,424764658;;20200228;0,006;0,00006
15/01/2020;1;-0,00058987;-0,00058987;1,001282285;1,06364225;-0,00058987;0,937175818;;;;1;-0,00058987;1,238744481;-0,00058987;1,423924232;;20200302;0,006;0,00006
16/01/2020;1;-0,010285636;-0,010285636;0,990983459;1,052702012;-0,010285636;0,927536368;;;;1;-0,010285636;1,226003206;-0,010285636;1,409278265;;20200303;0,006;0,00006
17/01/2020;1;0,021060118;0,021060118;1,011853688;1,074872041;0,021060118;0,947070393;;;;1;0,021060118;1,251822978;0,021060118;1,438957831;;20200304;0,006;0,00006
18/01/2020;1;0,001033882;0,001033882;1,012899825;1,075983332;0,001033882;0,948049552;;;;1;0,001033882;1,253117215;0,001033882;1,440445544;;20200305;0,006;0,00006
19/01/2020;1;-0,02240239;-0,02240239;0,990208449;1,051878734;-0,02240239;0,926810977;;;;0;0;1,253117215;0,02240239;1,472714966;;20200306;0,006;0,00006
20/01/2020;1;-0,008775759;-0,008775759;0,981518618;1,0426477;-0,008775759;0,918677508;;;;0;0;1,253117215;0,008775759;1,485639158;;20200309;0,006;0,00006
21/01/2020;1;0,010963413;0,010963413;0,992279412;1,054078677;0,010963413;0,928749348;;;;1;0,010963413;1,266855656;0,010963413;1,501926833;;20200310;0,006;0,00006
22/01/2020;1;-0,007371064;-0,007371064;0,984965257;1,046308996;-0,007371064;0,921903478;;;;1;-0,007371064;1,257517583;-0,007371064;1,490856035;;20200311;0,006;0,00006
23/01/2020;1;-0,031043204;-0,031043204;0,95438878;1,013828212;-0,031043204;0,89328464;;;;1;-0,031043204;1,218480208;-0,031043204;1,444575086;;20200312;0,006;0,00006
24/01/2020;1;0,004374203;0,004374203;0,95856347;1,018262902;0,004374203;0,897192048;;;;1;0,004374203;1,223810087;0,004374203;1,450893951;;20200313;0,006;0,00006
25/01/2020;1;-0,012080505;-0,012080505;0,946983539;1,005961772;-0,012080505;0,886353515;;;;1;-0,012080505;1,209025843;-0,012080505;1,433366419;;20200316;0,006;0,00006
26/01/2020;0;0,032143758;0;0,946983539;1,038297164;-0,032143758;0,857862782;;;;0;0;1,209025843;-0,032143758;1,387292636;;20200317;0,006;0,00006
27/01/2020;0;0,034014397;0;0,946983539;1,073614216;-0,034014397;0,828683097;;;;0;0;1,209025843;-0,034014397;1,340104714;;20200318;0,006;0,00006
28/01/2020;1;0,057142536;0,057142536;1,00109658;1,134963254;0,057142536;0,876036151;;;;0;0;1,209025843;-0,057142536;1,263527732;;20200319;0,006;0,00006
29/01/2020;1;-0,012144758;-0,012144758;0,988938504;1,1211794;-0,012144758;0,865396904;;;;1;-0,012144758;1,194342517;-0,012144758;1,248182494;;20200320;0,006;0,00006
30/01/2020;1;0,023574538;0,023574538;1,012252273;1,147610687;0,023574538;0,885798236;;;;1;0,023574538;1,22249859;0,023574538;1,277607819;;20200323;0,006;0,00006
31/01/2020;0;-0,016967528;0;1,012252273;1,12813857;0,016967528;0,900828042;;;;1;-0,016967528;1,201755811;-0,016967528;1,255929973;;20200324;0,006;0,00006
01/02/2020;0;0,004283985;0;1,012252273;1,132971499;-0,004283985;0,896968908;;;;1;0,004283985;1,206904115;0,004283985;1,261310359;;20200325;0,006;0,00006
02/02/2020;0;-0,005844087;0;1,012252273;1,126350316;0,005844087;0,902210872;;;;0;0;1,206904115;0,005844087;1,268681566;;20200326;0,006;0,00006
03/02/2020;0;-0,004419558;0;1,012252273;1,121372346;0,004419558;0,906198245;;;;0;0;1,206904115;0,004419558;1,274288577;;20200327;0,006;0,00006
04/02/2020;0;-0,013091544;0;1,012252273;1,10669185;0,013091544;0,918061779;;;;1;-0,013091544;1,191103877;-0,013091544;1,257606172;;20200330;0,006;0,00006
05/02/2020;1;0,049883725;0,049883725;1,062747186;1,161897762;0,049883725;0,96385812;;;;1;0,049883725;1,250520575;0,049883725;1,320340252;;20200331;0,006;0,00006
06/02/2020;1;0,014761568;0,014761568;1,078435001;1,179049195;0,014761568;0,978086177;;;;1;0,014761568;1,268980219;0,014761568;1,339830545;;20200401;0;0
07/02/2020;0;0,004602909;0;1,078435001;1,184476251;-0,004602909;0,973584135;;;;1;0,004602909;1,27482122;0,004602909;1,345997663;;20200402;0;0
08/02/2020;0;0,01068411;0;1,078435001;1,197131325;-0,01068411;0,963182256;;;;1;0,01068411;1,28844155;0,01068411;1,36037845;;20200403;0;0
09/02/2020;0;0,026106892;0;1,078435001;1,228384703;-0,026106892;0,938036561;;;;0;0;1,28844155;-0,026106892;1,324863197;;20200406;0;0
10/02/2020;0;-0,03041608;0;1,078435001;1,191022056;0,03041608;0,966567956;;;;0;0;1,28844155;0,03041608;1,365160342;;20200407;0;0
11/02/2020;0;0,042953879;0;1,078435001;1,242181073;-0,042953879;0,925050113;;;;0;0;1,28844155;-0,042953879;1,30652141;;20200408;0;0
12/02/2020;1;0,008080533;0,008080533;1,08714933;1,252218557;0,008080533;0,932525011;;;;1;0,008080533;1,298852844;0,008080533;1,317078799;;20200409;0;0
13/02/2020;1;-0,010721944;-0,010721944;1,075492976;1,23879234;-0,010721944;0,92252653;;;;1;-0,010721944;1,284926616;-0,010721944;1,302957154;;20200413;0;0
14/02/2020;0;0,012615216;0;1,075492976;1,254419973;-0,012615216;0,910888658;;;;1;0,012615216;1,301136244;0,012615216;1,31939424;;20200414;0;0
15/02/2020;0;-0,044833406;0;1,075492976;1,198180054;0,044833406;0,951726899;;;;1;-0,044833406;1,242801875;-0,044833406;1,260241303;;20200415;0;0
16/02/2020;0;0,001958706;0;1,075492976;1,200526936;-0,001958706;0,949862746;;;;1;0,001958706;1,245236158;0,001958706;1,262709745;;20200416;0;0
17/02/2020;0;-0,022074165;0;1,075492976;1,174026306;0,022074165;0,970830173;;;;0;0;1,245236158;0,022074165;1,290583008;;20200417;0;0
18/02/2020;0;0,049246563;0;1,075492976;1,231843066;-0,049246563;0,923020124;;;;1;0,049246563;1,306559758;0,049246563;1,354139785;;20200420;0;0
19/02/2020;1;-0,056786146;-0,056786146;1,014419875;1,161891446;-0,056786146;0,870605369;;;;1;-0,056786146;1,232365265;-0,056786146;1,277243406;;20200421;0;0
20/02/2020;1;0,000906061;0,000906061;1,015339001;1,162944191;0,000906061;0,871394191;;;;1;0,000906061;1,233481864;0,000906061;1,278400667;;20200422;0;0
21/02/2020;0;0,009335484;0;1,015339001;1,173800838;-0,009335484;0,863259304;;;;1;0,009335484;1,244997014;0,009335484;1,290335156;;20200423;0;0
22/02/2020;0;-0,002609108;0;1,015339001;1,170738265;0,002609108;0,865511641;;;;1;-0,002609108;1,241748682;-0,002609108;1,286968532;;20200424;0;0
23/02/2020;0;0,030620476;0;1,015339001;1,206586827;-0,030620476;0,839009263;;;;0;0;1,241748682;-0,030620476;1,247560943;;20200427;0;0
24/02/2020;0;-0,030388763;0;1,015339001;1,169920145;0,030388763;0,864505717;;;;0;0;1,241748682;0,030388763;1,285472778;;20200428;0;0
25/02/2020;1;-0,036463185;-0,036463185;0,978316508;1,127261131;-0,036463185;0,832983085;;;;1;-0,036463185;1,19647057;-0,036463185;1,238600346;;20200429;0;0
26/02/2020;1;-0,056318962;-0,056318962;0,923218738;1,063774954;-0,056318962;0,786070342;;;;1;-0,056318962;1,12908659;-0,056318962;1,168843661;;20200430;0;0
27/02/2020;1;0,003074015;0,003074015;0,926056726;1,067045015;0,003074015;0,788486735;;;;1;0,003074015;1,13255742;0,003074015;1,172436704;;20200501;0;0
28/02/2020;1;-0,011231494;-0,011231494;0,915655726;1,055060506;-0,011231494;0,779630851;;;;1;-0,011231494;1,119837108;-0,011231494;1,159268489;;20200504;0;0
29/02/2020;1;-0,020409335;-0,020409335;0,896967802;1,033527422;-0,020409335;0,763719104;;;;1;-0,020409335;1,096981977;-0,020409335;1,135608589;;20200505;0;0
01/03/2020;1;0,000457419;0,000457419;0,897378092;1,034000177;0,000457419;0,764068443;;;;1;0,000457419;1,097483758;0,000457419;1,136128038;;20200506;0;0
02/03/2020;1;0,047647556;0,047647556;0,940135965;1,083267759;0,047647556;0,800474437;;;;1;0,047647556;1,149776177;0,047647556;1,190261763;;20200507;0;0
03/03/2020;1;-0,018568353;-0,018568353;0,922679188;1,06315326;-0,018568353;0,785610945;;;;1;-0,018568353;1,128426727;-0,018568353;1,168160562;;20200508;0;0
04/03/2020;1;0,000239819;0,000239819;0,922900464;1,063408225;0,000239819;0,78579935;;;;1;0,000239819;1,128697345;0,000239819;1,168440709;;20200511;0;0
05/03/2020;1;0,03512057;0,03512057;0,955313254;1,100755728;0,03512057;0,813397071;;;;1;0,03512057;1,168337839;0,03512057;1,209477013;;20200512;0;0
06/03/2020;1;0,009828145;0,009828145;0,964702212;1,111574115;0,009828145;0,821391255;;;;1;0,009828145;1,179820433;0,009828145;1,221363929;;20200513;0;0
07/03/2020;1;-0,02788701;-0,02788701;0,937799552;1,080575637;-0,02788701;0,798485109;;;;1;-0,02788701;1,146918769;-0,02788701;1,187303741;;20200514;0;0
08/03/2020;1;-0,096219815;-0,096219815;0,847564652;0,976602848;-0,096219815;0,721655019;;;;1;-0,096219815;1,036562457;-0,096219815;1,073061594;;20200515;0;0
09/03/2020;1;-0,013930695;-0,013930695;0,835757487;0,962998092;-0,013930695;0,711601864;;;;1;-0,013930695;1,022122421;-0,013930695;1,0581131;;20200518;0;0
10/03/2020;1;-0,005322168;-0,005322168;0,831309446;0,957872855;-0,005322168;0,707814599;;;;1;-0,005322168;1,016682514;-0,005322168;1,052481645;;20200519;0;0
11/03/2020;1;0,006806429;0,006806429;0,836967694;0,964392548;0,006806429;0,712632289;;;;1;0,006806429;1,023602491;0,006806429;1,059645286;;20200520;0;0
12/03/2020;1;-0,39080301;-0,39080301;0,509878201;0,587505038;-0,39080301;0,434133446;;;;1;-0,39080301;0,623575557;-0,39080301;0,645532719;;20200521;0;0
13/03/2020;1;0,160865979;0,160865979;0,591900257;0,682014611;0,160865979;0,503970748;;;;1;0,160865979;0,72388765;0,160865979;0,749376973;;20200522;0;0
14/03/2020;1;-0,083123157;-0,083123157;0,542699639;0,625323403;-0,083123157;0,462079108;;;;1;-0,083123157;0,663715823;-0,083123157;0,687086393;;20200526;0;0
15/03/2020;1;0,03428173;0,03428173;0,561304321;0,646760572;0,03428173;0,477919979;;;;1;0,03428173;0,68646915;0,03428173;0,710640903;;20200527;0;0
16/03/2020;1;-0,055696013;-0,055696013;0,530041908;0,610738586;-0,055696013;0,451301742;;;;0;0;0,68646915;0,055696013;0,750220768;;20200528;0;0
17/03/2020;1;0,057038065;0,057038065;0,560274473;0,645573934;0,057038065;0,47704312;;;;1;0,057038065;0,725624022;0,057038065;0,793011909;;20200529;0;0
18/03/2020;1;0,015166001;0,015166001;0,568771596;0,655364709;0,015166001;0,484277956;;;;1;0,015166001;0,736628836;0,015166001;0,805038728;;20200601;0;0
19/03/2020;1;0,141199048;0,141199048;0,649081604;0,747901581;0,141199048;0,552657543;;;;1;0,141199048;0,840640127;0,141199048;0,91870943;;20200602;0;0
20/03/2020;1;0,003475983;0,003475983;0,651337801;0,750501275;0,003475983;0,554578571;;;;1;0,003475983;0,843562178;0,003475983;0,921902849;;20200603;0;0
21/03/2020;1;-0,00172386;-0,00172386;0,650214986;0,749207516;-0,00172386;0,553622555;;;;1;-0,00172386;0,842107995;-0,00172386;0,920313617;;20200604;0;0
22/03/2020;1;-0,059842164;-0,059842164;0,611304714;0,704373317;-0,059842164;0,520492584;;;;1;-0,059842164;0,79171443;-0,059842164;0,865240059;;20200605;0;0
23/03/2020;1;0,11759956;0,11759956;0,68319388;0,787207309;0,11759956;0,581702282;;;;0;0;0,79171443;-0,11759956;0,763488208;;20200608;0;0
24/03/2020;1;0,041641019;0,041641019;0,711642769;0,819987424;0,041641019;0,605924958;;;;1;0,041641019;0,824682226;0,041641019;0,795280636;;20200609;0;0
25/03/2020;1;-0,011364308;-0,011364308;0,703555442;0,810668834;-0,011364308;0,599039041;;;;1;-0,011364308;0,815310283;-0,011364308;0,786242822;;20200610;0;0
26/03/2020;0;0,011509716;0;0,703555442;0,819999402;-0,011509716;0,592144271;;;;1;0,011509716;0,824694273;0,011509716;0,795292253;;20200611;0;0
27/03/2020;1;-0,057331244;-0,057331244;0,663219733;0,772987816;-0,057331244;0,558195904;;;;1;-0,057331244;0,777413524;-0,057331244;0,749697159;;20200612;0;0
28/03/2020;1;-0,01952543;-0,01952543;0,650270082;0,757894897;-0,01952543;0,547296889;;;;1;-0,01952543;0,762234191;-0,01952543;0,735058999;;20200615;0;0
29/03/2020;1;-0,060390877;-0,060390877;0,610999702;0,712124959;-0,060390877;0,514245149;;;;1;-0,060390877;0,716202199;-0,060390877;0,690668142;;20200616;0;0
30/03/2020;1;0,089906383;0,089906383;0,665932475;0,776149538;0,089906383;0,560479071;;;;1;0,089906383;0,780593348;0,089906383;0,752763616;;20200617;0;0
31/03/2020;1;0,002857678;0,002857678;0,667835495;0,778367524;0,002857678;0,562080739;;;;1;0,002857678;0,782824033;0,002857678;0,754914772;;20200618;0;0
01/04/2020;1;0,037479368;0,037479368;0,692865548;0,807540247;0,037479368;0,583147171;;;;1;0,037479368;0,812163783;0,037479368;0,783208501;;20200619;0;0
02/04/2020;1;0,021146948;0,021146948;0,70751754;0,824617259;0,021146948;0,595478953;;;;1;0,021146948;0,829338569;0,021146948;0,799770971;;20200622;0;0
03/04/2020;1;-0,009102272;-0,009102272;0,701077523;0,817111368;-0,009102272;0,590058742;;;;1;-0,009102272;0,821789704;-0,009102272;0,792491238;;20200623;0;0
04/04/2020;1;0,019974475;0,019974475;0,715081179;0,833432739;0,019974475;0,601844856;;;;1;0,019974475;0,838204522;0,019974475;0,808320834;;20200624;0;0
05/04/2020;1;-0,013618507;-0,013618507;0,70534284;0,822082629;-0,013618507;0,593648627;;;;1;-0,013618507;0,826789428;-0,013618507;0,797312711;;20200625;0;0
06/04/2020;1;0,083319811;0,083319811;0,764111872;0,890578398;0,083319811;0,643111319;;;;1;0,083319811;0,895677366;0,083319811;0,863744655;;20200626;0;0
07/04/2020;1;-0,018536426;-0,018536426;0,749947969;0,874070258;-0,018536426;0,631190333;;;;1;-0,018536426;0,879074709;-0,018536426;0,847733917;;20200629;0;0
08/04/2020;1;0,02266576;0,02266576;0,76694611;0,893881725;0,02266576;0,645496742;;;;1;0,02266576;0,898999605;0,02266576;0,86694845;;20200630;0;0
09/04/2020;1;-0,009801393;-0,009801393;0,75942897;0,885120439;-0,009801393;0,639169975;;;;1;-0,009801393;0,890188157;-0,009801393;0,858451148;;20200701;0;0
10/04/2020;1;-0,057621914;-0,057621914;0,715669219;0,834118105;-0,057621914;0,602339778;;;;1;-0,057621914;0,838893812;-0,057621914;0,80898555;;20200702;0;0
11/04/2020;1;0,002313165;0,002313165;0,71732468;0,836047558;0,002313165;0,603733089;;;;1;0,002313165;0,840834311;0,002313165;0,810856867;;20200706;0;0
12/04/2020;1;0,00245397;0,00245397;0,719084973;0,838099193;0,00245397;0,605214632;;;;1;0,00245397;0,842897693;0,00245397;0,812846685;;20200707;0;0
13/04/2020;1;-0,006098179;-0,006098179;0,714699864;0,832988314;-0,006098179;0,601523924;;;;0;0;0,842897693;0,006098179;0,81780357;;20200708;0;0
14/04/2020;1;0,001807027;0,001807027;0,715991346;0,834493547;0,001807027;0,602610894;;;;1;0,001807027;0,844420832;0,001807027;0,819281363;;20200709;0;0
15/04/2020;1;-0,037063975;-0,037063975;0,689453861;0,803563899;-0,037063975;0,580275739;;;;1;-0,037063975;0,81312324;-0,037063975;0,788915539;;20200710;0;0
16/04/2020;1;0,075066862;0,075066862;0,741208999;0,863884919;0,075066862;0,623835218;;;;1;0,075066862;0,87416185;0,075066862;0,848136953;;20200713;0;0
17/04/2020;1;-0,011008942;-0,011008942;0,733049072;0,85437446;-0,011008942;0,616967452;;;;1;-0,011008942;0,864538253;-0,011008942;0,838799863;;20200714;0;0
18/04/2020;1;0,031914137;0,031914137;0,756443701;0,881641084;0,031914137;0,636657437;;;;1;0,031914137;0,892129246;0,031914137;0,865569437;;20200715;0;0
19/04/2020;1;-0,01808814;-0,01808814;0,742761041;0,865693837;-0,01808814;0,625141488;;;;1;-0,01808814;0,875992287;-0,01808814;0,849912896;;20200716;0;0
20/04/2020;1;-0,040220045;-0,040220045;0,712887158;0,830875591;-0,040220045;0,599998269;;;;1;-0,040220045;0,840759837;-0,040220045;0,81572936;;20200717;0;0
21/04/2020;1;0,002032699;0,002032699;0,714336243;0,832564511;0,002032699;0,601217884;;;;1;0,002032699;0,842468849;0,002032699;0,817387492;;20200720;0;0
22/04/2020;1;0,041123268;0,041123268;0,743712083;0,866802284;0,041123268;0,625941928;;;;1;0,041123268;0,877113921;0,041123268;0,851001137;;20200721;0;0
23/04/2020;1;0,048789373;0,048789373;0,77999733;0,909093024;0,048789373;0,656481243;;;;1;0,048789373;0,919907759;0,048789373;0,892520949;;20200722;0;0
24/04/2020;1;0,002403268;0,002403268;0,781871873;0,911277819;0,002403268;0,658058943;;;;1;0,002403268;0,922118544;0,002403268;0,894665916;;20200723;0;0
25/04/2020;1;0,005419874;0,005419874;0,78610952;0,91621683;0,005419874;0,66162554;;;;1;0,005419874;0,927116311;0,005419874;0,899514893;;20200724;0;0
26/04/2020;1;0,020384106;0,020384106;0,80213366;0,934893091;0,020384106;0,675112185;;;;1;0,020384106;0,946014748;0,020384106;0,9178507;;20200727;0;0
27/04/2020;1;0,011133314;0,011133314;0,811064066;0,945301549;0,011133314;0,682628421;;;;1;0,011133314;0,956547027;0,011133314;0,92806942;;20200728;0;0
28/04/2020;1;-0,004696884;-0,004696884;0,807254592;0,940861578;-0,004696884;0,679422194;;;;1;-0,004696884;0,952054237;-0,004696884;0,923710385;;20200729;0;0
29/04/2020;1;0,132451954;0,132451954;0,91417704;1,065480532;0,132451954;0,769412992;;;;1;0,132451954;1,078155681;0,132451954;1,046057631;;20200730;0;0
30/04/2020;1;-0,017118646;-0,017118646;0,898527567;1,047240948;-0,017118646;0,756241683;;;;1;-0,017118646;1,059699115;-0,017118646;1,028150541;;20200731;0;0
01/05/2020;1;0,022750716;0,022750716;0,918969712;1,071066429;0,022750716;0,773446723;;;;1;0,022750716;1,083808028;0,022750716;1,051541701;;20200803;0;0
02/05/2020;1;0,017223418;0,017223418;0,934797511;1,089513853;0,017223418;0,786768118;;;;1;0,017223418;1,102474907;0,017223418;1,069652843;;20200804;0;0
03/05/2020;1;-0,008649479;-0,008649479;0,926712;1,080090126;-0,008649479;0,779962984;;;;1;-0,008649479;1,092939073;-0,008649479;1,060400903;;20200805;0;0
04/05/2020;1;-0,002760664;-0,002760664;0,924153659;1,07710836;-0,002760664;0,777809768;;;;1;-0,002760664;1,089921836;-0,002760664;1,057473493;;20200806;0;0
05/05/2020;1;0,015375617;0,015375617;0,938363092;1,093669566;0,015375617;0,789769074;;;;1;0,015375617;1,106680057;0,015375617;1,0737328;;20200807;0;0
06/05/2020;1;0,015364335;0,015364335;0,952780417;1,110473072;0,015364335;0,80190335;;;;1;0,015364335;1,12368346;0,015364335;1,090229991;;20200810;0;0
07/05/2020;1;0,091442852;0,091442852;1,039905376;1,212017897;0,091442852;0,87523168;;;;1;0,091442852;1,226436281;0,091442852;1,189923731;;20200811;0;0
08/05/2020;1;-0,019187314;-0,019187314;1,019952385;1,188762529;-0,019187314;0,858438335;;;;1;-0,019187314;1,202904263;-0,019187314;1,167092291;;20200812;0;0
09/05/2020;1;-0,027394886;-0,027394886;0,992010906;1,156196515;-0,027394886;0,834921515;;;;1;-0,027394886;1,169950838;-0,027394886;1,135119931;;20200813;0;0
10/05/2020;1;-0,085409999;-0,085409999;0,907283255;1,057445772;-0,085409999;0,763610869;;;;1;-0,085409999;1,070025337;-0,085409999;1,038169338;;20200814;0;0
11/05/2020;1;-0,017662094;-0,017662094;0,891258733;1,038769065;-0,017662094;0,750123902;;;;1;-0,017662094;1,05112645;-0,017662094;1,019833094;;20200817;0;0
12/05/2020;1;0,029507164;0,029507164;0,917557251;1,069420194;0,029507164;0,772257931;;;;1;0,029507164;1,08214221;0,029507164;1,049925476;;20200818;0;0
13/05/2020;1;0,056588154;0,056588154;0,969480122;1,129936709;0,056588154;0,815958582;;;;1;0,056588154;1,14337864;0,056588154;1,109338821;;20200819;0;0
14/05/2020;1;0,050595142;0,050595142;1,018531106;1,187106018;0,050595142;0,857242122;;;;1;0,050595142;1,201228045;0,050595142;1,165465976;;20200820;0;0
15/05/2020;1;-0,048669357;-0,048669357;0,968959853;1,129330331;-0,048669357;0,815520699;;;;1;-0,048669357;1,142765048;-0,048669357;1,108743497;;20200821;0;0
16/05/2020;1;0,008109124;0,008109124;0,976817268;1,138488211;0,008109124;0,822133858;;;;1;0,008109124;1,152031872;0,008109124;1,117734435;;20200824;0;0
17/05/2020;1;0,031313637;0,031313637;1,00740497;1,174138418;0,031313637;0,84787786;;;;1;0,031313637;1,18810618;0,031313637;1,152734766;;20200825;0;0
18/05/2020;1;0,005136632;0,005136632;1,012579639;1,180169535;0,005136632;0,852233096;;;;0;0;1,18810618;-0,005136632;1,146813592;;20200826;0;0
19/05/2020;1;0,005480156;0,005480156;1,018128734;1,186637049;0,005480156;0,856903467;;;;1;0,005480156;1,194617188;0,005480156;1,153098309;;20200827;0;0
20/05/2020;1;-0,027517588;-0,027517588;0,990112286;1,153983659;-0,027517588;0,83332355;;;;1;-0,027517588;1,161744204;-0,027517588;1,121367825;;20200828;0;0
21/05/2020;1;-0,047612538;-0,047612538;0,942970527;1,099039568;-0,047612538;0,793646901;;;;1;-0,047612538;1,106430614;-0,047612538;1,067976656;;20200831;0;0
22/05/2020;1;0,01231024;0,01231024;0,954578721;1,112569009;0,01231024;0,803416885;;;;1;0,01231024;1,12005104;0,01231024;1,081123705;;20200901;0;0
23/05/2020;1;0,000948756;0,000948756;0,955484383;1,113624566;0,000948756;0,804179131;;;;1;0,000948756;1,121113696;0,000948756;1,082149428;;20200902;0;0
24/05/2020;1;-0,05016675;-0,05016675;0,907550837;1,05775764;-0,05016675;0,763836078;;;;1;-0,05016675;1,064871065;-0,05016675;1,027861508;;20200903;0;0
25/05/2020;1;0,02126756;0,02126756;0,926852229;1,080253565;0,02126756;0,780081008;;;;0;0;1,064871065;-0,02126756;1,006001402;;20200904;0;0
26/05/2020;1;-0,006327265;-0,006327265;0,92098779;1,073418515;-0,006327265;0,775145229;;;;1;-0,006327265;1,058133344;-0,006327265;0,999636165;;20200908;0;0
27/05/2020;1;0,042213852;0,042213852;0,959866232;1,118731645;0,042213852;0,807867095;;;;1;0,042213852;1,102801228;0,042213852;1,041834657;;20200909;0;0
28/05/2020;1;0,04017159;0,04017159;0,998425585;1,163672874;0,04017159;0,8403204;;;;1;0,04017159;1,147102507;0,04017159;1,083686812;;20200910;0;0
29/05/2020;1;-0,015974107;-0,015974107;0,982476627;1,145084238;-0,015974107;0,826897032;;;;1;-0,015974107;1,128778568;-0,015974107;1,066375883;;20200911;0;0
30/05/2020;1;0,029040096;0,029040096;1,011007843;1,178337594;0,029040096;0,850910201;;;;1;0,029040096;1,161558406;0,029040096;1,097343541;;20200914;0;0
31/05/2020;1;-0,026031196;-0,026031196;0,984690099;1,147664057;-0,026031196;0,828759991;;;;1;-0,026031196;1,131321651;-0,026031196;1,068778376;;20200915;0;0
01/06/2020;1;0,080261222;0,080261222;1,06372253;1,239776977;0,080261222;0,89527728;;;;0;0;1,131321651;-0,080261222;0,982996917;;20200916;0;0
02/06/2020;1;-0,067061047;-0,067061047;0,992388183;1,156636235;-0,067061047;0,835239048;;;;1;-0,067061047;1,055454037;-0,067061047;0,917076114;;20200917;0;0
03/06/2020;1;0,015563262;0,015563262;1,00783298;1,174637267;0,015563262;0,848238092;;;;1;0,015563262;1,071880344;0,015563262;0,93134881;;20200918;0;0
04/06/2020;1;0,012554292;0,012554292;1,020485609;1,189384006;0,012554292;0,858887121;;;;1;0,012554292;1,085337043;0,012554292;0,943041234;;20200921;0;0
05/06/2020;1;-0,017810276;-0,017810276;1,002310479;1,168200749;-0,017810276;0,843590104;;;;1;-0,017810276;1,066006891;-0,017810276;0,92624541;;20200922;0;0
06/06/2020;1;0,005656297;0,005656297;1,007979845;1,174808439;0,005656297;0,8483617;;;;1;0,005656297;1,072036542;0,005656297;0,931484529;;20200923;0;0
07/06/2020;1;0,00920496;0,00920496;1,017258259;1,185622504;0,00920496;0,856170836;;;;1;0,00920496;1,081904596;0,00920496;0,940058807;;20200924;0;0
08/06/2020;1;0,002583105;0,002583105;1,019885945;1,188685092;0,002583105;0,858382416;;;;0;0;1,081904596;-0,002583105;0,937630536;;20200925;0;0
09/06/2020;1;-0,000408914;-0,000408914;1,019468899;1,188199022;-0,000408914;0,858031411;;;;1;-0,000408914;1,08146219;-0,000408914;0,937247126;;20200928;0;0
10/06/2020;1;0,011699734;0,011699734;1,031396414;1,202100634;0,011699734;0,86807015;;;;1;0,011699734;1,09411501;0,011699734;0,948212668;;20200929;0;0
11/06/2020;1;-0,063322618;-0,063322618;0,966085693;1,125980475;-0,063322618;0,813101676;;;;1;-0,063322618;1,024832783;-0,063322618;0,88816936;;20200930;0;0
12/06/2020;1;0,020958795;0,020958795;0,986333684;1,149579669;0,020958795;0,830143307;;;;1;0,020958795;1,046312043;0,020958795;0,906784319;;;;
13/06/2020;1;0,001173374;0,001173374;0,987491023;1,150928556;0,001173374;0,831117375;;;;1;0,001173374;1,047539758;0,001173374;0,907848316;;;;
14/06/2020;1;-0,015042912;-0,015042912;0,972636282;1,133615239;-0,015042912;0,81861495;;;;1;-0,015042912;1,03178171;-0,015042912;0,894191634;;;;
15/06/2020;1;0,010387633;0,010387633;0,982739671;1,145390818;0,010387633;0,827118422;;;;0;0;1,03178171;-0,010387633;0,884903099;;;;
16/06/2020;1;0,010949254;0,010949254;0,993499937;1,157931993;0,010949254;0,836174751;;;;1;0,010949254;1,04307895;0,010949254;0,894592127;;;;
17/06/2020;1;-0,007808974;-0,007808974;0,985741722;1,148889732;-0,007808974;0,829645084;;;;1;-0,007808974;1,034933573;-0,007808974;0,887606281;;;;
18/06/2020;1;-0,007574235;-0,007574235;0,978275483;1,140187771;-0,007574235;0,823361158;;;;1;-0,007574235;1,027094743;-0,007574235;0,880883342;;;;
19/06/2020;1;-0,008463465;-0,008463465;0,969995882;1,130537832;-0,008463465;0,816392669;;;;1;-0,008463465;1,018401962;-0,008463465;0,873428016;;;;
20/06/2020;1;0,005848708;0,005848708;0,975669104;1,137150017;0,005848708;0,821167511;;;;1;0,005848708;1,024358298;0,005848708;0,878536442;;;;
21/06/2020;1;-0,007726836;-0,007726836;0,96813027;1,128363446;-0,007726836;0,814822485;;;;1;-0,007726836;1,01644325;-0,007726836;0,871748135;;;;
22/06/2020;1;0,044083277;0,044083277;1,010808624;1,178105404;0,044083277;0,85074253;;;;0;0;1,01644325;-0,044083277;0,833318621;;;;
23/06/2020;1;-0,007396328;-0,007396328;1,003332353;1,16939175;-0,007396328;0,844450159;;;;1;-0,007396328;1,008925302;-0,007396328;0,827155123;;;;
24/06/2020;1;-0,035686458;-0,035686458;0,967526975;1,127660301;-0,035686458;0,814314724;;;;1;-0,035686458;0,972920332;-0,035686458;0,797636887;;;;
25/06/2020;1;-0,006145997;-0,006145997;0,961580557;1,120729704;-0,006145997;0,809309949;;;;1;-0,006145997;0,966940767;-0,006145997;0,792734613;;;;
26/06/2020;1;-0,009493397;-0,009493397;0,952451891;1,110090172;-0,009493397;0,801626848;;;;1;-0,009493397;0,957761214;-0,009493397;0,785208869;;;;
27/06/2020;1;-0,016497323;-0,016497323;0,936738984;1,091776656;-0,016497323;0,788402151;;;;1;-0,016497323;0,941960718;-0,016497323;0,772255024;;;;
28/06/2020;1;0,012194716;0,012194716;0,94816225;1,105090562;0,012194716;0,798016491;;;;1;0,012194716;0,953447661;0,012194716;0,781672454;;;;
29/06/2020;1;0,007647743;0,007647743;0,955413551;1,11354201;0,007647743;0,804119516;;;;0;0;0,953447661;-0,007647743;0,775694424;;;;
30/06/2020;1;-0,00571497;-0,00571497;0,949953391;1,107178151;-0,00571497;0,799523997;;;;1;-0,00571497;0,947998736;-0,00571497;0,771261354;;;;
01/07/2020;1;0,010892173;0,010892173;0,960300448;1,119237727;0,010892173;0,808232551;;;;1;0,010892173;0,958324502;0,010892173;0,779662066;;;;
02/07/2020;1;-0,016017068;-0,016017068;0,944919251;1,101310821;-0,016017068;0,795287035;;;;1;-0,016017068;0,942974954;-0,016017068;0,767174166;;;;
03/07/2020;1;-0,003081664;-0,003081664;0,942007327;1,097916951;-0,003081664;0,792836228;;;;1;-0,003081664;0,940069022;-0,003081664;0,764809993;;;;
04/07/2020;1;0,008876034;0,008876034;0,950368616;1,107662098;0,008876034;0,799873469;;;;1;0,008876034;0,948413106;0,008876034;0,771598472;;;;
05/07/2020;1;-0,005985665;-0,005985665;0,944680028;1,101032004;-0,005985665;0,795085694;;;;1;-0,005985665;0,942736223;-0,005985665;0,766979942;;;;
06/07/2020;1;0,029106761;0,029106761;0,972176604;1,13307948;0,029106761;0,818228064;;;;0;0;0,942736223;-0,029106761;0,74465564;;;;
07/07/2020;1;-0,00966075;-0,00966075;0,962784648;1,122133082;-0,00966075;0,810323367;;;;1;-0,00966075;0,933628684;-0,00966075;0,737461708;;;;
08/07/2020;1;0,019625421;0,019625421;0,981679703;1,144155416;0,019625421;0,826226304;;;;1;0,019625421;0,95195154;0,019625421;0,751934704;;;;
09/07/2020;1;-0,021165254;-0,021165254;0,960902202;1,119939076;-0,021165254;0,808739014;;;;1;-0,021165254;0,931803244;-0,021165254;0,736019815;;;;
10/07/2020;1;0,005413599;0,005413599;0,966104141;1,126001977;0,005413599;0,813117203;;;;1;0,005413599;0,936847653;0,005413599;0,740004331;;;;
11/07/2020;1;-0,005545923;-0,005545923;0,960746202;1,119757256;-0,005545923;0,808607717;;;;1;-0,005545923;0,931651967;-0,005545923;0,735900324;;;;
12/07/2020;1;0,007092967;0,007092967;0,967560742;1,127699657;0,007092967;0,814343145;;;;1;0,007092967;0,938260144;0,007092967;0,74112004;;;;
13/07/2020;1;-0,006860215;-0,006860215;0,960923068;1,119963395;-0,006860215;0,808756576;;;;1;-0,006860215;0,931823477;-0,006860215;0,736035797;;;;
14/07/2020;1;0,001623869;0,001623869;0,962483481;1,121782069;0,001623869;0,81006989;;;;1;0,001623869;0,933336636;0,001623869;0,737231023;;;;
15/07/2020;1;-0,006364884;-0,006364884;0,956357385;1,114642056;-0,006364884;0,804913889;;;;1;-0,006364884;0,927396057;-0,006364884;0,732538633;;;;
16/07/2020;1;-0,00696038;-0,00696038;0,949700774;1,106883723;-0,00696038;0,799311383;;;;1;-0,00696038;0,920941028;-0,00696038;0,727439886;;;;
17/07/2020;1;0,002321761;0,002321761;0,951905752;1,109453643;0,002321761;0,801167193;;;;1;0,002321761;0,923079233;0,002321761;0,729128827;;;;
18/07/2020;1;0,002392867;0,002392867;0,954183536;1,112108418;0,002392867;0,803084279;;;;1;0,002392867;0,925288039;0,002392867;0,730873536;;;;
19/07/2020;1;0,004360291;0,004360291;0,958344054;1,116957534;0,004360291;0,80658596;;;;1;0,004360291;0,929322564;0,004360291;0,734060357;;;;
20/07/2020;1;-0,005761656;-0,005761656;0,952822405;1,110522009;-0,005761656;0,801938689;;;;1;-0,005761656;0,923968127;-0,005761656;0,729830953;;;;
21/07/2020;1;0,025188257;0,025188257;0,976822341;1,138494123;0,025188257;0,822138127;;;;1;0,025188257;0,947241273;0,025188257;0,748214123;;;;
22/07/2020;1;0,01447748;0,01447748;0,990964267;1,154976649;0,01447748;0,834040616;;;;1;0,01447748;0,96095494;0,01447748;0,759046378;;;;
23/07/2020;1;0,008625575;0,008625575;0,999511903;1,164938986;0,008625575;0,841234695;;;;1;0,008625575;0,969243728;0,008625575;0,765593589;;;;
24/07/2020;1;-0,006075739;-0,006075739;0,99343913;1,157861121;-0,006075739;0,836123573;;;;1;-0,006075739;0,963354857;-0,006075739;0,760942043;;;;
25/07/2020;1;0,016391727;0,016391727;1,009723312;1,176840464;0,016391727;0,849829082;;;;1;0,016391727;0,979145906;0,016391727;0,773415197;;;;
26/07/2020;1;0,023424388;0,023424388;1,033375463;1,204407232;0,023424388;0,869735808;;;;1;0,023424388;1,0020818;0,023424388;0,791531974;;;;
27/07/2020;1;0,111322387;0,111322387;1,148413287;1,33848472;0,111322387;0,966556875;;;;1;0,111322387;1,113635938;0,111322387;0,879647203;;;;
28/07/2020;1;-0,010379151;-0,010379151;1,136493731;1,324592385;-0,010379151;0,956524835;;;;1;-0,010379151;1,102077342;-0,010379151;0,870517212;;;;
29/07/2020;1;0,015931955;0,015931955;1,154600299;1,345695732;0,015931955;0,971764146;;;;1;0,015931955;1,119635589;0,015931955;0,884386253;;;;
30/07/2020;1;0,000333;0,000333;1,154984781;1,346143849;0,000333;0,972087743;;;;1;0,000333;1,120008428;0,000333;0,884680754;;;;
31/07/2020;1;0,021718789;0,021718789;1,180069652;1,375380464;0,021718789;0,993200312;;;;1;0,021718789;1,144333656;0,021718789;0,903894949;;;;
01/08/2020;1;0,039960902;0,039960902;1,2272263;1,430341908;0,039960902;1,032889493;;;;1;0,039960902;1,190062261;0,039960902;0,940015407;;;;
02/08/2020;1;-0,062983659;-0,062983659;1,149931097;1,34025374;-0,062983659;0,967834333;;;;1;-0,062983659;1,115107785;-0,062983659;0,880809797;;;;
03/08/2020;1;0,014920385;0,014920385;1,167088512;1,360250843;0,014920385;0,982274794;;;;1;0,014920385;1,131745623;0,014920385;0,893951818;;;;
04/08/2020;1;-0,003524041;-0,003524041;1,162975645;1,355457263;-0,003524041;0,978813218;;;;1;-0,003524041;1,127757305;-0,003524041;0,890801496;;;;
05/08/2020;1;0,04875;0,04875;1,219670707;1,421535805;0,04875;1,026530362;;;;1;0,04875;1,182735473;0,04875;0,934228069;;;;
06/08/2020;1;0,002170952;0,002170952;1,222318554;1,42462189;0,002170952;1,02875891;;;;1;0,002170952;1,185303135;0,002170952;0,936256233;;;;
07/08/2020;1;-0,014271758;-0,014271758;1,204873919;1,404290031;-0,014271758;1,014076712;;;;1;-0,014271758;1,168386776;-0,014271758;0,92289421;;;;
08/08/2020;1;0,014176757;0,014176757;1,221955124;1,42419831;0,014176757;1,028453031;;;;1;0,014176757;1,184950711;0,014176757;0,935977857;;;;
09/08/2020;1;-0,006840585;-0,006840585;1,213596236;1,414455961;-0,006840585;1,021417811;;;;1;-0,006840585;1,176844955;-0,006840585;0,929575222;;;;
10/08/2020;1;0,017878987;0,017878987;1,235294108;1,439745001;0,017878987;1,039679727;;;;0;0;1,176844955;-0,017878987;0,912955358;;;;
11/08/2020;1;-0,042609697;-0,042609697;1,182658601;1,378397903;-0,042609697;0,995379289;;;;1;-0,042609697;1,126699949;-0,042609697;0,874054607;;;;
12/08/2020;1;0,016240037;0,016240037;1,201865019;1,400783135;0,016240037;1,011544285;;;;1;0,016240037;1,144997597;0,016240037;0,888249285;;;;
13/08/2020;1;0,01882229;0,01882229;1,224486871;1,427149081;0,01882229;1,030583865;;;;1;0,01882229;1,166549073;0,01882229;0,904968171;;;;
14/08/2020;1;-0,001882185;-0,001882185;1,22218216;1,424462922;-0,001882185;1,028644115;;;;1;-0,001882185;1,164353412;-0,001882185;0,903264853;;;;
15/08/2020;1;0,00707431;0,00707431;1,230828255;1,434540014;0,00707431;1,035921062;;;;1;0,00707431;1,172590409;0,00707431;0,909654828;;;;
16/08/2020;1;0,005162117;0,005162117;1,237181935;1,441945279;0,005162117;1,041268608;;;;1;0,005162117;1,178643458;0,005162117;0,914350574;;;;
17/08/2020;1;0,03203047;0,03203047;1,276809454;1,488131464;0,03203047;1,074620931;;;;0;0;1,178643458;-0,03203047;0,885063495;;;;
18/08/2020;1;-0,028020517;-0,028020517;1,241032592;1,44643325;-0,028020517;1,044509497;;;;1;-0,028020517;1,145617258;-0,028020517;0,860263558;;;;
19/08/2020;1;-0,016545102;-0,016545102;1,220499582;1,422501865;-0,016545102;1,027227981;;;;1;-0,016545102;1,126662904;-0,016545102;0,84603041;;;;
20/08/2020;1;0,009134828;0,009134828;1,231648636;1,435496175;0,009134828;1,036611532;;;;1;0,009134828;1,136954776;0,009134828;0,853758752;;;;
21/08/2020;1;-0,028808631;-0,028808631;1,196166525;1,394141495;-0,028808631;1,006748173;;;;1;-0,028808631;1,104200666;-0,028808631;0,829163131;;;;
22/08/2020;1;0,013017782;0,013017782;1,21173796;1,412290126;0,013017782;1,019853801;;;;1;0,013017782;1,11857491;0,013017782;0,839956996;;;;
23/08/2020;1;-0,001721967;-0,001721967;1,209651388;1,409858209;-0,001721967;1,018097647;;;;1;-0,001721967;1,116648761;-0,001721967;0,838510619;;;;
24/08/2020;1;0,009576769;0,009576769;1,221235939;1,423360095;0,009576769;1,027847733;;;;0;0;1,116648761;-0,009576769;0,830480396;;;;
25/08/2020;1;-0,036605586;-0,036605586;1,176531882;1,371257164;-0,036605586;0,990222764;;;;1;-0,036605586;1,075773178;-0,036605586;0,800080174;;;;
26/08/2020;1;0,01230351;0,01230351;1,191007354;1,38812844;0,01230351;1,002405979;;;;1;0,01230351;1,089008964;0,01230351;0,809923969;;;;
27/08/2020;1;-0,012354398;-0,012354398;1,176293175;1,37097895;-0,012354398;0,990021857;;;;1;-0,012354398;1,075554915;-0,012354398;0,799917846;;;;
28/08/2020;1;0,018070428;0,018070428;1,197549296;1,395753126;0,018070428;1,007911976;;;;1;0,018070428;1,094990652;0,018070428;0,814372704;;;;
29/08/2020;1;-0,00434481;-0,00434481;1,192346172;1,389688844;-0,00434481;1,00353279;;;;1;-0,00434481;1,090233126;-0,00434481;0,810834409;;;;
30/08/2020;1;0,020224895;0,020224895;1,216461249;1,417795155;0,020224895;1,023829136;;;;1;0,020224895;1,112282977;0,020224895;0,82723345;;;;
31/08/2020;1;-0,00478955;-0,00478955;1,210634947;1,411004555;-0,00478955;1,018925455;;;;0;0;1,112282977;0,00478955;0,831195526;;;;
01/09/2020;1;0,023127338;0,023127338;1,23863371;1,443637333;0,023127338;1,042490488;;;;1;0,023127338;1,138007121;0,023127338;0,850418866;;;;
02/09/2020;1;-0,044389291;-0,044389291;1,183651638;1,379555296;-0,044389291;0,996215074;;;;1;-0,044389291;1,087491792;-0,044389291;0,812669376;;;;
03/09/2020;1;-0,106946101;-0,106946101;1,05706471;1,232017235;-0,106946101;0,889673756;;;;1;-0,106946101;0,971188784;-0,106946101;0,725757554;;;;
04/09/2020;1;0,027858546;0,027858546;1,086512996;1,266339444;0,027858546;0,914458773;;;;1;0,027858546;0,998244692;0,027858546;0,745976104;;;;
05/09/2020;1;-0,028795336;-0,028795336;1,055226489;1,229874774;-0,028795336;0,888126625;;;;1;-0,028795336;0,9694999;-0,028795336;0,724495472;;;;
06/09/2020;1;0,008766234;0,008766234;1,064476851;1,240656144;0,008766234;0,895912151;;;;1;0,008766234;0,977998763;0,008766234;0,730846568;;;;
07/09/2020;1;0,011817242;0,011817242;1,077056032;1,255317278;0,011817242;0,906499362;;;;1;0,011817242;0,989556011;0,011817242;0,739483159;;;;
08/09/2020;1;-0,024495302;-0,024495302;1,050673218;1,224567902;-0,024495302;0,884294386;;;;1;-0,024495302;0,965316538;-0,024495302;0,721369296;;;;
09/09/2020;1;0,010510407;0,010510407;1,061716221;1,237438609;0,010510407;0,89358868;;;;1;0,010510407;0,975462407;0,010510407;0,72895118;;;;
10/09/2020;1;0,011789433;0,011789433;1,074233253;1,252027307;0,011789433;0,904123583;;;;1;0,011789433;0,986962555;0,011789433;0,737545101;;;;
11/09/2020;1;0,004657005;0,004657005;1,079235962;1,257858005;0,004657005;0,908334091;;;;1;0,004657005;0,991558845;0,004657005;0,740979852;;;;
12/09/2020;1;0,004750868;0,004750868;1,08436327;1,263833922;0,004750868;0,912649466;;;;1;0,004750868;0,99626961;0,004750868;0,74450015;;;;
13/09/2020;1;-0,011419;-0,011419;1,071980926;1,249402203;-0,011419;0,902227922;;;;1;-0,011419;0,984893207;-0,011419;0,735998703;;;;
14/09/2020;1;0,033568289;0,033568289;1,107965491;1,291342497;0,033568289;0,93251417;;;;0;0;0,984893207;-0,033568289;0,711292486;;;;
15/09/2020;1;0,010323185;0,010323185;1,119403224;1,304673264;0,010323185;0,942140686;;;;1;0,010323185;0,995060442;0,010323185;0,71863529;;;;
16/09/2020;1;0,01538219;0,01538219;1,136622098;1,324741997;0,01538219;0,956632873;;;;1;0,01538219;1,010366651;0,01538219;0,729689474;;;;
17/09/2020;1;-0,000593537;-0,000593537;1,135947471;1,323955714;-0,000593537;0,956065077;;;;1;-0,000593537;1,009766962;-0,000593537;0,729256377;;;;
18/09/2020;1;-0,000922813;-0,000922813;1,134899204;1,32273395;-0,000922813;0,955182808;;;;1;-0,000922813;1,008835136;-0,000922813;0,72858341;;;;
19/09/2020;1;0,013342722;0,013342722;1,150041849;1,340382822;0,013342722;0,967927547;;;;1;0,013342722;1,022295743;0,013342722;0,738304696;;;;
20/09/2020;1;-0,014397906;-0,014397906;1,133483655;1,321084117;-0,014397906;0,953991417;;;;1;-0,014397906;1,007576825;-0,014397906;0,727674655;;;;
21/09/2020;1;-0,046123129;-0,046123129;1,081203841;1,260151583;-0,046123129;0,909990348;;;;0;0;1,007576825;0,046123129;0,761237287;;;;
22/09/2020;1;0,011000298;0,011000298;1,093097405;1,274013626;0,011000298;0,920000512;;;;1;0,011000298;1,01866047;0,011000298;0,769611123;;;;
23/09/2020;1;-0,02853426;-0,02853426;1,06190668;1,237660589;-0,02853426;0,893748978;;;;1;-0,02853426;0,989593747;-0,02853426;0,747650839;;;;
24/09/2020;1;0,049801089;0,049801089;1,114790789;1,299297434;0,049801089;0,938258651;;;;1;0,049801089;1,038876593;0,049801089;0,784884665;;;;
25/09/2020;1;-0,00407863;-0,00407863;1,110243969;1,293998081;-0,00407863;0,934431841;;;;1;-0,00407863;1,0346394;-0,00407863;0,781683411;;;;
26/09/2020;1;0,003552963;0,003552963;1,114188625;1,298595608;0,003552963;0,937751842;;;;1;0,003552963;1,038315435;0,003552963;0,784460703;;;;
27/09/2020;1;0,003978236;0,003978236;1,11862113;1,303761728;0,003978236;0,94148244;;;;1;0,003978236;1,042446099;0,003978236;0,787581473;;;;
28/09/2020;1;-0,007821198;-0,007821198;1,109872173;1,293564749;-0,007821198;0,93411892;;;;0;0;1,042446099;0,007821198;0,793741304;;;;
29/09/2020;1;0,013848758;0,013848758;1,125242524;1,311479014;0,013848758;0,947055306;;;;1;0,013848758;1,056882683;0,013848758;0,804733635;;;;
30/09/2020;1;-0,006133894;-0,006133894;1,118340405;1,30343454;-0,006133894;0,941246169;;;;1;-0,006133894;1,050399876;-0,006133894;0,799797484;;;;
;;;;;;;;;;;;;;;;;;;
;;;;;;;;;;;;;;;;;;;
;;;;;;;;;;;;;;;;;;;
;;;;;;;;;;;;;;;;;;;
;;;;;;;;;;;;;;;;;;;
;;;;;;;;;;;;;;;;;;;
;;;;;;;;;;;;;;;;;;;
;;;;;;;;;;;;;;;;;;;
;;;;;;;;;;;;;;;;;;;
;;;;;;;;;;;;;;;;;;;
;;;;;;;;;;;;;;;;;;;
;;;;;;;;;;;;;;;;;;;
;;;;;;;;;;;;;;;;;;;
;;;;;;;;;;;;;;;;;;;
;;;;;;;;;;;;;;;;;;;
;;;;;;;;;;;;;;;;;;;
;;;;;;;;;;;;;;;;;;;
;;;;;;;;;;;;;;;;;;;
;;;;;;;;;;;;;;;;;;;
;;;;;;;;;;;;;;;;;;;
;;;;;;;;;;;;;;;;;;;
;;;;;;;;;;;;;;;;;;;
;;;;;;;;;;;;;;;;;;;
;;;;;;;;;;;;;;;;;;;
;;;;;;;;;;;;;;;;;;;
;;;;;;;;;;;;;;;;;;;
;;;;;;;;;;;;;;;;;;;
;;;;;;;;;;;;;;;;;;;
;;;;;;;;;;;;;;;;;;;
;;;;;;;;;;;;;;;;;;;
;;;;;;;;;;;;;;;;;;;
;;;;;;;;;;;;;;;;;;;
;;;;;;;;;;;;;;;;;;;
;;;;;;;;;;;;;;;;;;;
;;;;;;;;;;;;;;;;;;;
;;;;;;;;;;;;;;;;;;;
;;;;;;;;;;;;;;;;;;;
;;;;;;;;;;;;;;;;;;;
;;;;;;;;;;;;;;;;;;;
;;;;;;;;;;;;;;;;;;;
;;;;;;;;;;;;;;;;;;;
;;;;;;;;;;;;;;;;;;;
;;;;;;;;;;;;;;;;;;;
;;;;;;;;;;;;;;;;;;;
;;;;;;;;;;;;;;;;;;;
;;;;;;;;;;;;;;;;;;;
;;;;;;;;;;;;;;;;;;;
;;;;;;;;;;;;;;;;;;;
;;;;;;;;;;;;;;;;;;;
;;;;;;;;;;;;;;;;;;;
;;;;;;;;;;;;;;;;;;;
;;;;;;;;;;;;;;;;;;;
;;;;;;;;;;;;;;;;;;;
;;;;;;;;;;;;;;;;;;;
;;;;;;;;;;;;;;;;;;;
;;;;;;;;;;;;;;;;;;;
;;;;;;;;;;;;;;;;;;;
;;;;;;;;;;;;;;;;;;;
;;;;;;;;;;;;;;;;;;;
;;;;;;;;;;;;;;;;;;;
;;;;;;;;;;;;;;;;;;;
;;;;;;;;;;;;;;;;;;;
;;;;;;;;;;;;;;;;;;;
;;;;;;;;;;;;;;;;;;;
;;;;;;;;;;;;;;;;;;;
;;;;;;;;;;;;;;;;;;;
;;;;;;;;;;;;;;;;;;;
;;;;;;;;;;;;;;;;;;;
;;;;;;;;;;;;;;;;;;;
;;;;;;;;;;;;;;;;;;;
;;;;;;;;;;;;;;;;;;;
;;;;;;;;;;;;;;;;;;;
;;;;;;;;;;;;;;;;;;;
;;;;;;;;;;;;;;;;;;;
;;;;;;;;;;;;;;;;;;;
;;;;;;;;;;;;;;;;;;;
;;;;;;;;;;;;;;;;;;;
;;;;;;;;;;;;;;;;;;;
;;;;;;;;;;;;;;;;;;;
;;;;;;;;;;;;;;;;;;;
;;;;;;;;;;;;;;;;;;;
;;;;;;;;;;;;;;;;;;;
;;;;;;;;;;;;;;;;;;;
;;;;;;;;;;;;;;;;;;;
;;;;;;;;;;;;;;;;;;;
;;;;;;;;;;;;;;;;;;;
;;;;;;;;;;;;;;;;;;;
;;;;;;;;;;;;;;;;;;;
;;;;;;;;;;;;;;;;;;;
;;;;;;;;;;;;;;;;;;;
;;;;;;;;;;;;;;;;;;;
;;;;;;;;;;;;;;;;;;;
;;;;;;;;;;;;;;;;;;;
;;;;;;;;;;;;;;;;;;;
;;;;;;;;;;;;;;;;;;;
;;;;;;;;;;;;;;;;;;;
;;;;;;;;;;;;;;;;;;;
;;;;;;;;;;;;;;;;;;;
;;;;;;;;;;;;;;;;;;;
;;;;;;;;;;;;;;;;;;;
;;;;;;;;;;;;;;;;;;;
;;;;;;;;;;;;;;;;;;;
;;;;;;;;;;;;;;;;;;;
;;;;;;;;;;;;;;;;;;;
;;;;;;;;;;;;;;;;;;;
;;;;;;;;;;;;;;;;;;;
;;;;;;;;;;;;;;;;;;;
;;;;;;;;;;;;;;;;;;;
;;;;;;;;;;;;;;;;;;;
;;;;;;;;;;;;;;;;;;;
;;;;;;;;;;;;;;;;;;;
;;;;;;;;;;;;;;;;;;;
;;;;;;;;;;;;;;;;;;;
;;;;;;;;;;;;;;;;;;;
;;;;;;;;;;;;;;;;;;;
;;;;;;;;;;;;;;;;;;;
;;;;;;;;;;;;;;;;;;;
;;;;;;;;;;;;;;;;;;;
;;;;;;;;;;;;;;;;;;;
;;;;;;;;;;;;;;;;;;;
;;;;;;;;;;;;;;;;;;;
;;;;;;;;;;;;;;;;;;;
;;;;;;;;;;;;;;;;;;;
;;;;;;;;;;;;;;;;;;;
;;;;;;;;;;;;;;;;;;;
;;;;;;;;;;;;;;;;;;;
;;;;;;;;;;;;;;;;;;;
;;;;;;;;;;;;;;;;;;;
;;;;;;;;;;;;;;;;;;;
;;;;;;;;;;;;;;;;;;;
;;;;;;;;;;;;;;;;;;;
;;;;;;;;;;;;;;;;;;;
;;;;;;;;;;;;;;;;;;;
;;;;;;;;;;;;;;;;;;;
;;;;;;;;;;;;;;;;;;;
;;;;;;;;;;;;;;;;;;;
;;;;;;;;;;;;;;;;;;;
;;;;;;;;;;;;;;;;;;;
;;;;;;;;;;;;;;;;;;;
;;;;;;;;;;;;;;;;;;;
;;;;;;;;;;;;;;;;;;;
;;;;;;;;;;;;;;;;;;;
;;;;;;;;;;;;;;;;;;;
;;;;;;;;;;;;;;;;;;;
;;;;;;;;;;;;;;;;;;;
;;;;;;;;;;;;;;;;;;;
;;;;;;;;;;;;;;;;;;;
;;;;;;;;;;;;;;;;;;;
;;;;;;;;;;;;;;;;;;;
;;;;;;;;;;;;;;;;;;;
;;;;;;;;;;;;;;;;;;;
;;;;;;;;;;;;;;;;;;;
;;;;;;;;;;;;;;;;;;;
;;;;;;;;;;;;;;;;;;;
;;;;;;;;;;;;;;;;;;;
;;;;;;;;;;;;;;;;;;;
;;;;;;;;;;;;;;;;;;;
;;;;;;;;;;;;;;;;;;;
;;;;;;;;;;;;;;;;;;;
;;;;;;;;;;;;;;;;;;;
;;;;;;;;;;;;;;;;;;;
;;;;;;;;;;;;;;;;;;;
;;;;;;;;;;;;;;;;;;;
;;;;;;;;;;;;;;;;;;;
;;;;;;;;;;;;;;;;;;;
;;;;;;;;;;;;;;;;;;;
;;;;;;;;;;;;;;;;;;;
;;;;;;;;;;;;;;;;;;;
;;;;;;;;;;;;;;;;;;;
